black,white
finn,kylo ren
abbie mills,rey
iris west,ichabod crane
diggle,oliver queen
james bond,caitlin snow
nomi,james bond
mj,spiderman
mary jane,peter parker
ariel,maleficent
little mermaid,sleeping beauty
falcon,belle
sam wilson,cinderella
domino,hawkeye
valkyrie,bruce banner
guinevere,hulk
black canary,harley quinn
deadshot,the huntress
storm,joker
nick fury,jane foster
heimdall,black widow
spider man,arthur
miss moneypenny,king arthur
starfire,phoenix
bill potts,negasonic teenage warhead
john boyega,m
nicole beharie,vesper lynd
candice patton,madeleine swann
david ramsey,bucky barnes
idris elba,raven
lashana lynch,clara oswald
zendaya,adam driver
halle bailey,daisy ridley
jurnee smollett,tom mison
samuel l. jackson,stephen amell
will smith,danielle panabaker
tessa thompson,daniel craig
angel coulby,pierce brosnan
zazie beetz,tom holland
donald glover,angelina jolie
naomie harris,emma watson
anthony mackie,cate clanchett
anna diop,jeremy renner
pearl mackie,mark ruffalo
freema agyeman,margot robbie
007,mary elizabeth winstead
miles morales,jared leto
jannah,natalie portman
martha jones,scarlett johannson
moneypenny,bradley james
naomie ackie,brianna hildebrand
jo martin,judi dench
martha jones,eva green
candace patton,lea seydoux
bond,sebastian stan
14th doctor,teagan croft
abbie,jenna coleman
,tom holland
,billie piper
,colin morgan
,daisey ridley
,les mis
,grace van dien
,green arrow
,hamilton
,lin manuel miranda
,killer frost
,lily james
,merlin
,rose tyler
,stephen mmell
,rbianna hildebrand
,scarlett johansson
,jodie whittaker
,harley
,huntress
,crane
,bucky
,bond
,13th doctor
